<?xml version="1.0" encoding="UTF-8"?>
<project-private xmlns="http://www.netbeans.org/ns/project-private/1">
    <editor-bookmarks xmlns="http://www.netbeans.org/ns/editor-bookmarks/2" lastBookmarkId="0"/>
    <open-files xmlns="http://www.netbeans.org/ns/projectui-open-files/2">
        <group>
            <file>file:/C:/Users/p_rh_/OneDrive/Documentos/NetBeansProjects/AbstractFactory/src/abstractfactory/checkboxes/MacOSCheckbox.java</file>
            <file>file:/C:/Users/p_rh_/OneDrive/Documentos/NetBeansProjects/AbstractFactory/src/buttons/Button.java</file>
            <file>file:/C:/Users/p_rh_/OneDrive/Documentos/NetBeansProjects/AbstractFactory/src/abstractfactory/checkboxes/WindowsCheckbox.java</file>
            <file>file:/C:/Users/p_rh_/OneDrive/Documentos/NetBeansProjects/AbstractFactory/src/buttons/MacOsButton.java</file>
            <file>file:/C:/Users/p_rh_/OneDrive/Documentos/NetBeansProjects/AbstractFactory/src/abstractfactory/Application.java</file>
            <file>file:/C:/Users/p_rh_/OneDrive/Documentos/NetBeansProjects/AbstractFactory/src/factories/GUIFactory.java</file>
            <file>file:/C:/Users/p_rh_/OneDrive/Documentos/NetBeansProjects/AbstractFactory/src/abstractfactory/checkboxes/Checkbox.java</file>
            <file>file:/C:/Users/p_rh_/OneDrive/Documentos/NetBeansProjects/AbstractFactory/src/abstractfactory/AbstractFactory.java</file>
            <file>file:/C:/Users/p_rh_/OneDrive/Documentos/NetBeansProjects/AbstractFactory/src/buttons/WindowsButton.java</file>
            <file>file:/C:/Users/p_rh_/OneDrive/Documentos/NetBeansProjects/AbstractFactory/src/factories/WindowsFactory.java</file>
            <file>file:/C:/Users/p_rh_/OneDrive/Documentos/NetBeansProjects/AbstractFactory/src/factories/MacOSFactory.java</file>
        </group>
    </open-files>
</project-private>
